"","ay","age","amount","metric","eval_date"
"2008.15",2008,15,2.279,"ind_itdpaid",2010-03-31
"2009.15",2009,15,2.369,"ind_itdpaid",2011-03-31
"2010.15",2010,15,2.399,"ind_itdpaid",2012-03-31
"2011.15",2011,15,2.433,"ind_itdpaid",2013-03-31
"2012.15",2012,15,2.424,"ind_itdpaid",2014-03-31
"2013.15",2013,15,2.385,"ind_itdpaid",2015-03-31
"2014.15",2014,15,2.455,"ind_itdpaid",2016-03-31
"2015.15",2015,15,2.468,"ind_itdpaid",2017-03-31
"2016.15",2016,15,2.403,"ind_itdpaid",2018-03-31
"2017.15",2017,15,2.392,"ind_itdpaid",2019-03-31
"2007.27",2007,27,1.436,"ind_itdpaid",2010-03-31
"2008.27",2008,27,1.468,"ind_itdpaid",2011-03-31
"2009.27",2009,27,1.499,"ind_itdpaid",2012-03-31
"2010.27",2010,27,1.505,"ind_itdpaid",2013-03-31
"2011.27",2011,27,1.481,"ind_itdpaid",2014-03-31
"2012.27",2012,27,1.477,"ind_itdpaid",2015-03-31
"2013.27",2013,27,1.49,"ind_itdpaid",2016-03-31
"2014.27",2014,27,1.501,"ind_itdpaid",2017-03-31
"2015.27",2015,27,1.476,"ind_itdpaid",2018-03-31
"2016.27",2016,27,1.46,"ind_itdpaid",2019-03-31
"2006.39",2006,39,1.197,"ind_itdpaid",2010-03-31
"2007.39",2007,39,1.211,"ind_itdpaid",2011-03-31
"2008.39",2008,39,1.234,"ind_itdpaid",2012-03-31
"2009.39",2009,39,1.238,"ind_itdpaid",2013-03-31
"2010.39",2010,39,1.24,"ind_itdpaid",2014-03-31
"2011.39",2011,39,1.227,"ind_itdpaid",2015-03-31
"2012.39",2012,39,1.219,"ind_itdpaid",2016-03-31
"2013.39",2013,39,1.216,"ind_itdpaid",2017-03-31
"2014.39",2014,39,1.215,"ind_itdpaid",2018-03-31
"2015.39",2015,39,1.202,"ind_itdpaid",2019-03-31
"2005.51",2005,51,1.104,"ind_itdpaid",2010-03-31
"2006.51",2006,51,1.121,"ind_itdpaid",2011-03-31
"2007.51",2007,51,1.127,"ind_itdpaid",2012-03-31
"2008.51",2008,51,1.132,"ind_itdpaid",2013-03-31
"2009.51",2009,51,1.135,"ind_itdpaid",2014-03-31
"2010.51",2010,51,1.129,"ind_itdpaid",2015-03-31
"2011.51",2011,51,1.129,"ind_itdpaid",2016-03-31
"2012.51",2012,51,1.122,"ind_itdpaid",2017-03-31
"2013.51",2013,51,1.111,"ind_itdpaid",2018-03-31
"2014.51",2014,51,1.109,"ind_itdpaid",2019-03-31
"2004.63",2004,63,1.067,"ind_itdpaid",2010-03-31
"2005.63",2005,63,1.073,"ind_itdpaid",2011-03-31
"2006.63",2006,63,1.085,"ind_itdpaid",2012-03-31
"2007.63",2007,63,1.085,"ind_itdpaid",2013-03-31
"2008.63",2008,63,1.083,"ind_itdpaid",2014-03-31
"2009.63",2009,63,1.084,"ind_itdpaid",2015-03-31
"2010.63",2010,63,1.081,"ind_itdpaid",2016-03-31
"2011.63",2011,63,1.076,"ind_itdpaid",2017-03-31
"2012.63",2012,63,1.076,"ind_itdpaid",2018-03-31
"2013.63",2013,63,1.063,"ind_itdpaid",2019-03-31
"2003.75",2003,75,1.039,"ind_itdpaid",2010-03-31
"2004.75",2004,75,1.045,"ind_itdpaid",2011-03-31
"2005.75",2005,75,1.057,"ind_itdpaid",2012-03-31
"2006.75",2006,75,1.062,"ind_itdpaid",2013-03-31
"2007.75",2007,75,1.061,"ind_itdpaid",2014-03-31
"2008.75",2008,75,1.054,"ind_itdpaid",2015-03-31
"2009.75",2009,75,1.056,"ind_itdpaid",2016-03-31
"2010.75",2010,75,1.053,"ind_itdpaid",2017-03-31
"2011.75",2011,75,1.053,"ind_itdpaid",2018-03-31
"2012.75",2012,75,1.047,"ind_itdpaid",2019-03-31
"2002.87",2002,87,1.028,"ind_itdpaid",2010-03-31
"2003.87",2003,87,1.029,"ind_itdpaid",2011-03-31
"2004.87",2004,87,1.041,"ind_itdpaid",2012-03-31
"2005.87",2005,87,1.048,"ind_itdpaid",2013-03-31
"2006.87",2006,87,1.045,"ind_itdpaid",2014-03-31
"2007.87",2007,87,1.042,"ind_itdpaid",2015-03-31
"2008.87",2008,87,1.04,"ind_itdpaid",2016-03-31
"2009.87",2009,87,1.039,"ind_itdpaid",2017-03-31
"2010.87",2010,87,1.036,"ind_itdpaid",2018-03-31
"2011.87",2011,87,1.038,"ind_itdpaid",2019-03-31
"2001.99",2001,99,1.022,"ind_itdpaid",2010-03-31
"2002.99",2002,99,1.019,"ind_itdpaid",2011-03-31
"2003.99",2003,99,1.025,"ind_itdpaid",2012-03-31
"2004.99",2004,99,1.034,"ind_itdpaid",2013-03-31
"2005.99",2005,99,1.037,"ind_itdpaid",2014-03-31
"2006.99",2006,99,1.032,"ind_itdpaid",2015-03-31
"2007.99",2007,99,1.032,"ind_itdpaid",2016-03-31
"2008.99",2008,99,1.025,"ind_itdpaid",2017-03-31
"2009.99",2009,99,1.029,"ind_itdpaid",2018-03-31
"2010.99",2010,99,1.024,"ind_itdpaid",2019-03-31
"2000.111",2000,111,1.015,"ind_itdpaid",2010-03-31
"2001.111",2001,111,1.016,"ind_itdpaid",2011-03-31
"2002.111",2002,111,1.018,"ind_itdpaid",2012-03-31
"2003.111",2003,111,1.022,"ind_itdpaid",2013-03-31
"2004.111",2004,111,1.026,"ind_itdpaid",2014-03-31
"2005.111",2005,111,1.025,"ind_itdpaid",2015-03-31
"2006.111",2006,111,1.026,"ind_itdpaid",2016-03-31
"2007.111",2007,111,1.025,"ind_itdpaid",2017-03-31
"2008.111",2008,111,1.021,"ind_itdpaid",2018-03-31
"2009.111",2009,111,1.023,"ind_itdpaid",2019-03-31
"1999.123",1999,123,1.014,"ind_itdpaid",2010-03-31
"2000.123",2000,123,1.012,"ind_itdpaid",2011-03-31
"2001.123",2001,123,1.014,"ind_itdpaid",2012-03-31
"2002.123",2002,123,1.014,"ind_itdpaid",2013-03-31
"2003.123",2003,123,1.02,"ind_itdpaid",2014-03-31
"2004.123",2004,123,1.018,"ind_itdpaid",2015-03-31
"2005.123",2005,123,1.019,"ind_itdpaid",2016-03-31
"2006.123",2006,123,1.017,"ind_itdpaid",2017-03-31
"2007.123",2007,123,1.017,"ind_itdpaid",2018-03-31
"2008.123",2008,123,1.018,"ind_itdpaid",2019-03-31
"1998.135",1998,135,1.009,"ind_itdpaid",2010-03-31
"1999.135",1999,135,1.01,"ind_itdpaid",2011-03-31
"2000.135",2000,135,1.01,"ind_itdpaid",2012-03-31
"2001.135",2001,135,1.011,"ind_itdpaid",2013-03-31
"2002.135",2002,135,1.012,"ind_itdpaid",2014-03-31
"2003.135",2003,135,1.015,"ind_itdpaid",2015-03-31
"2004.135",2004,135,1.014,"ind_itdpaid",2016-03-31
"2005.135",2005,135,1.014,"ind_itdpaid",2017-03-31
"2006.135",2006,135,1.015,"ind_itdpaid",2018-03-31
"2007.135",2007,135,1.016,"ind_itdpaid",2019-03-31
"1997.147",1997,147,1.007,"ind_itdpaid",2010-03-31
"1998.147",1998,147,1.009,"ind_itdpaid",2011-03-31
"1999.147",1999,147,1.009,"ind_itdpaid",2012-03-31
"2000.147",2000,147,1.009,"ind_itdpaid",2013-03-31
"2001.147",2001,147,1.011,"ind_itdpaid",2014-03-31
"2002.147",2002,147,1.009,"ind_itdpaid",2015-03-31
"2003.147",2003,147,1.01,"ind_itdpaid",2016-03-31
"2004.147",2004,147,1.011,"ind_itdpaid",2017-03-31
"2005.147",2005,147,1.012,"ind_itdpaid",2018-03-31
"2006.147",2006,147,1.011,"ind_itdpaid",2019-03-31
"1996.159",1996,159,1.007,"ind_itdpaid",2010-03-31
"1997.159",1997,159,1.007,"ind_itdpaid",2011-03-31
"1998.159",1998,159,1.008,"ind_itdpaid",2012-03-31
"1999.159",1999,159,1.008,"ind_itdpaid",2013-03-31
"2000.159",2000,159,1.007,"ind_itdpaid",2014-03-31
"2001.159",2001,159,1.008,"ind_itdpaid",2015-03-31
"2002.159",2002,159,1.007,"ind_itdpaid",2016-03-31
"2003.159",2003,159,1.009,"ind_itdpaid",2017-03-31
"2004.159",2004,159,1.008,"ind_itdpaid",2018-03-31
"2005.159",2005,159,1.011,"ind_itdpaid",2019-03-31
"1995.171",1995,171,1.006,"ind_itdpaid",2010-03-31
"1996.171",1996,171,1.004,"ind_itdpaid",2011-03-31
"1997.171",1997,171,1.006,"ind_itdpaid",2012-03-31
"1998.171",1998,171,1.007,"ind_itdpaid",2013-03-31
"1999.171",1999,171,1.006,"ind_itdpaid",2014-03-31
"2000.171",2000,171,1.007,"ind_itdpaid",2015-03-31
"2001.171",2001,171,1.007,"ind_itdpaid",2016-03-31
"2002.171",2002,171,1.006,"ind_itdpaid",2017-03-31
"2003.171",2003,171,1.008,"ind_itdpaid",2018-03-31
"2004.171",2004,171,1.008,"ind_itdpaid",2019-03-31
"1994.183",1994,183,1.003,"ind_itdpaid",2010-03-31
"1995.183",1995,183,1.004,"ind_itdpaid",2011-03-31
"1996.183",1996,183,1.005,"ind_itdpaid",2012-03-31
"1997.183",1997,183,1.005,"ind_itdpaid",2013-03-31
"1998.183",1998,183,1.006,"ind_itdpaid",2014-03-31
"1999.183",1999,183,1.006,"ind_itdpaid",2015-03-31
"2000.183",2000,183,1.004,"ind_itdpaid",2016-03-31
"2001.183",2001,183,1.006,"ind_itdpaid",2017-03-31
"2002.183",2002,183,1.005,"ind_itdpaid",2018-03-31
"2003.183",2003,183,1.007,"ind_itdpaid",2019-03-31
"1993.195",1993,195,1.002,"ind_itdpaid",2010-03-31
"1994.195",1994,195,1.003,"ind_itdpaid",2011-03-31
"1995.195",1995,195,1.004,"ind_itdpaid",2012-03-31
"1996.195",1996,195,1.004,"ind_itdpaid",2013-03-31
"1997.195",1997,195,1.005,"ind_itdpaid",2014-03-31
"1998.195",1998,195,1.006,"ind_itdpaid",2015-03-31
"1999.195",1999,195,1.005,"ind_itdpaid",2016-03-31
"2000.195",2000,195,1.004,"ind_itdpaid",2017-03-31
"2001.195",2001,195,1.005,"ind_itdpaid",2018-03-31
"2002.195",2002,195,1.005,"ind_itdpaid",2019-03-31
"1992.207",1992,207,1.001,"ind_itdpaid",2010-03-31
"1993.207",1993,207,1.002,"ind_itdpaid",2011-03-31
"1994.207",1994,207,1.004,"ind_itdpaid",2012-03-31
"1995.207",1995,207,1.005,"ind_itdpaid",2013-03-31
"1996.207",1996,207,1.005,"ind_itdpaid",2014-03-31
"1997.207",1997,207,1.004,"ind_itdpaid",2015-03-31
"1998.207",1998,207,1.005,"ind_itdpaid",2016-03-31
"1999.207",1999,207,1.004,"ind_itdpaid",2017-03-31
"2000.207",2000,207,1.004,"ind_itdpaid",2018-03-31
"2001.207",2001,207,1.005,"ind_itdpaid",2019-03-31
"1991.219",1991,219,1.002,"ind_itdpaid",2010-03-31
"1992.219",1992,219,1.002,"ind_itdpaid",2011-03-31
"1993.219",1993,219,1.003,"ind_itdpaid",2012-03-31
"1994.219",1994,219,1.002,"ind_itdpaid",2013-03-31
"1995.219",1995,219,1.004,"ind_itdpaid",2014-03-31
"1996.219",1996,219,1.004,"ind_itdpaid",2015-03-31
"1997.219",1997,219,1.003,"ind_itdpaid",2016-03-31
"1998.219",1998,219,1.004,"ind_itdpaid",2017-03-31
"1999.219",1999,219,1.003,"ind_itdpaid",2018-03-31
"2000.219",2000,219,1.004,"ind_itdpaid",2019-03-31
"1990.231",1990,231,1.001,"ind_itdpaid",2010-03-31
"1991.231",1991,231,1.001,"ind_itdpaid",2011-03-31
"1992.231",1992,231,1.002,"ind_itdpaid",2012-03-31
"1993.231",1993,231,1.002,"ind_itdpaid",2013-03-31
"1994.231",1994,231,1.003,"ind_itdpaid",2014-03-31
"1995.231",1995,231,1.003,"ind_itdpaid",2015-03-31
"1996.231",1996,231,1.003,"ind_itdpaid",2016-03-31
"1997.231",1997,231,1.002,"ind_itdpaid",2017-03-31
"1998.231",1998,231,1.003,"ind_itdpaid",2018-03-31
"1999.231",1999,231,1.003,"ind_itdpaid",2019-03-31
"1989.243",1989,243,1.001,"ind_itdpaid",2010-03-31
"1990.243",1990,243,1.001,"ind_itdpaid",2011-03-31
"1991.243",1991,243,1.001,"ind_itdpaid",2012-03-31
"1992.243",1992,243,1.002,"ind_itdpaid",2013-03-31
"1993.243",1993,243,1.002,"ind_itdpaid",2014-03-31
"1994.243",1994,243,1.003,"ind_itdpaid",2015-03-31
"1995.243",1995,243,1.002,"ind_itdpaid",2016-03-31
"1996.243",1996,243,1.003,"ind_itdpaid",2017-03-31
"1997.243",1997,243,1.002,"ind_itdpaid",2018-03-31
"1998.243",1998,243,1.003,"ind_itdpaid",2019-03-31
"1988.255",1988,255,1.001,"ind_itdpaid",2010-03-31
"1989.255",1989,255,1.001,"ind_itdpaid",2011-03-31
"1990.255",1990,255,1.001,"ind_itdpaid",2012-03-31
"1991.255",1991,255,1.002,"ind_itdpaid",2013-03-31
"1992.255",1992,255,1.002,"ind_itdpaid",2014-03-31
"1993.255",1993,255,1.002,"ind_itdpaid",2015-03-31
"1994.255",1994,255,1.002,"ind_itdpaid",2016-03-31
"1995.255",1995,255,1.003,"ind_itdpaid",2017-03-31
"1996.255",1996,255,1.002,"ind_itdpaid",2018-03-31
"1997.255",1997,255,1.003,"ind_itdpaid",2019-03-31
"1987.267",1987,267,1.001,"ind_itdpaid",2010-03-31
"1988.267",1988,267,1.002,"ind_itdpaid",2011-03-31
"1989.267",1989,267,1.002,"ind_itdpaid",2012-03-31
"1990.267",1990,267,1.001,"ind_itdpaid",2013-03-31
"1991.267",1991,267,1.001,"ind_itdpaid",2014-03-31
"1992.267",1992,267,1.001,"ind_itdpaid",2015-03-31
"1993.267",1993,267,1.001,"ind_itdpaid",2016-03-31
"1994.267",1994,267,1.002,"ind_itdpaid",2017-03-31
"1995.267",1995,267,1.002,"ind_itdpaid",2018-03-31
"1996.267",1996,267,1.003,"ind_itdpaid",2019-03-31
"1986.279",1986,279,1.002,"ind_itdpaid",2010-03-31
"1987.279",1987,279,1.001,"ind_itdpaid",2011-03-31
"1988.279",1988,279,1.002,"ind_itdpaid",2012-03-31
"1989.279",1989,279,1.001,"ind_itdpaid",2013-03-31
"1990.279",1990,279,1.001,"ind_itdpaid",2014-03-31
"1991.279",1991,279,1.001,"ind_itdpaid",2015-03-31
"1992.279",1992,279,1.001,"ind_itdpaid",2016-03-31
"1993.279",1993,279,1.001,"ind_itdpaid",2017-03-31
"1994.279",1994,279,1.002,"ind_itdpaid",2018-03-31
"1995.279",1995,279,1.002,"ind_itdpaid",2019-03-31
"1985.291",1985,291,1.001,"ind_itdpaid",2010-03-31
"1986.291",1986,291,1.001,"ind_itdpaid",2011-03-31
"1987.291",1987,291,1.001,"ind_itdpaid",2012-03-31
"1988.291",1988,291,1.001,"ind_itdpaid",2013-03-31
"1989.291",1989,291,1.001,"ind_itdpaid",2014-03-31
"1990.291",1990,291,1.001,"ind_itdpaid",2015-03-31
"1991.291",1991,291,1.001,"ind_itdpaid",2016-03-31
"1992.291",1992,291,1.001,"ind_itdpaid",2017-03-31
"1993.291",1993,291,1.001,"ind_itdpaid",2018-03-31
"1994.291",1994,291,1.001,"ind_itdpaid",2019-03-31
"1984.303",1984,303,1.001,"ind_itdpaid",2010-03-31
"1985.303",1985,303,1.001,"ind_itdpaid",2011-03-31
"1986.303",1986,303,1.001,"ind_itdpaid",2012-03-31
"1987.303",1987,303,1.002,"ind_itdpaid",2013-03-31
"1988.303",1988,303,1.001,"ind_itdpaid",2014-03-31
"1989.303",1989,303,1.001,"ind_itdpaid",2015-03-31
"1990.303",1990,303,1.001,"ind_itdpaid",2016-03-31
"1991.303",1991,303,1.001,"ind_itdpaid",2017-03-31
"1992.303",1992,303,1.001,"ind_itdpaid",2018-03-31
"1993.303",1993,303,1.001,"ind_itdpaid",2019-03-31
"1983.315",1983,315,1.001,"ind_itdpaid",2010-03-31
"1984.315",1984,315,1.001,"ind_itdpaid",2011-03-31
"1985.315",1985,315,1.001,"ind_itdpaid",2012-03-31
"1986.315",1986,315,1.001,"ind_itdpaid",2013-03-31
"1987.315",1987,315,1.001,"ind_itdpaid",2014-03-31
"1988.315",1988,315,1.001,"ind_itdpaid",2015-03-31
"1989.315",1989,315,1.001,"ind_itdpaid",2016-03-31
"1990.315",1990,315,1,"ind_itdpaid",2017-03-31
"1991.315",1991,315,1.001,"ind_itdpaid",2018-03-31
"1992.315",1992,315,1.001,"ind_itdpaid",2019-03-31
"1983.327",1983,327,1.001,"ind_itdpaid",2011-03-31
"1984.327",1984,327,1.001,"ind_itdpaid",2012-03-31
"1985.327",1985,327,1.002,"ind_itdpaid",2013-03-31
"1986.327",1986,327,1.001,"ind_itdpaid",2014-03-31
"1987.327",1987,327,1.001,"ind_itdpaid",2015-03-31
"1988.327",1988,327,1.001,"ind_itdpaid",2016-03-31
"1989.327",1989,327,1.001,"ind_itdpaid",2017-03-31
"1990.327",1990,327,1,"ind_itdpaid",2018-03-31
"1991.327",1991,327,1.001,"ind_itdpaid",2019-03-31
"1983.339",1983,339,1.001,"ind_itdpaid",2012-03-31
"1984.339",1984,339,1.001,"ind_itdpaid",2013-03-31
"1985.339",1985,339,1.001,"ind_itdpaid",2014-03-31
"1986.339",1986,339,1.001,"ind_itdpaid",2015-03-31
"1987.339",1987,339,1.001,"ind_itdpaid",2016-03-31
"1988.339",1988,339,1,"ind_itdpaid",2017-03-31
"1989.339",1989,339,1.001,"ind_itdpaid",2018-03-31
"1990.339",1990,339,1.001,"ind_itdpaid",2019-03-31
"1983.351",1983,351,1.001,"ind_itdpaid",2013-03-31
"1984.351",1984,351,1.001,"ind_itdpaid",2014-03-31
"1985.351",1985,351,1.001,"ind_itdpaid",2015-03-31
"1986.351",1986,351,1.001,"ind_itdpaid",2016-03-31
"1987.351",1987,351,1,"ind_itdpaid",2017-03-31
"1988.351",1988,351,1.001,"ind_itdpaid",2018-03-31
"1989.351",1989,351,1.001,"ind_itdpaid",2019-03-31
"1983.363",1983,363,1.001,"ind_itdpaid",2014-03-31
"1984.363",1984,363,1,"ind_itdpaid",2015-03-31
"1985.363",1985,363,1.001,"ind_itdpaid",2016-03-31
"1986.363",1986,363,1.001,"ind_itdpaid",2017-03-31
"1987.363",1987,363,1.001,"ind_itdpaid",2018-03-31
"1988.363",1988,363,1.001,"ind_itdpaid",2019-03-31
"1983.375",1983,375,1.001,"ind_itdpaid",2015-03-31
"1984.375",1984,375,1,"ind_itdpaid",2016-03-31
"1985.375",1985,375,1.001,"ind_itdpaid",2017-03-31
"1986.375",1986,375,1.001,"ind_itdpaid",2018-03-31
"1987.375",1987,375,1.001,"ind_itdpaid",2019-03-31
"1983.387",1983,387,1.001,"ind_itdpaid",2016-03-31
"1984.387",1984,387,1.001,"ind_itdpaid",2017-03-31
"1985.387",1985,387,1,"ind_itdpaid",2018-03-31
"1986.387",1986,387,1,"ind_itdpaid",2019-03-31
"1983.399",1983,399,1.001,"ind_itdpaid",2017-03-31
"1984.399",1984,399,1,"ind_itdpaid",2018-03-31
"1985.399",1985,399,1,"ind_itdpaid",2019-03-31
"2008.151",2008,15,1.618,"ind_itdrptd",2010-03-31
"2009.151",2009,15,1.67,"ind_itdrptd",2011-03-31
"2010.151",2010,15,1.665,"ind_itdrptd",2012-03-31
"2011.151",2011,15,1.657,"ind_itdrptd",2013-03-31
"2012.151",2012,15,1.662,"ind_itdrptd",2014-03-31
"2013.151",2013,15,1.604,"ind_itdrptd",2015-03-31
"2014.151",2014,15,1.625,"ind_itdrptd",2016-03-31
"2015.151",2015,15,1.63,"ind_itdrptd",2017-03-31
"2016.151",2016,15,1.606,"ind_itdrptd",2018-03-31
"2017.151",2017,15,1.588,"ind_itdrptd",2019-03-31
"2007.271",2007,27,1.216,"ind_itdrptd",2010-03-31
"2008.271",2008,27,1.245,"ind_itdrptd",2011-03-31
"2009.271",2009,27,1.233,"ind_itdrptd",2012-03-31
"2010.271",2010,27,1.25,"ind_itdrptd",2013-03-31
"2011.271",2011,27,1.225,"ind_itdrptd",2014-03-31
"2012.271",2012,27,1.218,"ind_itdrptd",2015-03-31
"2013.271",2013,27,1.201,"ind_itdrptd",2016-03-31
"2014.271",2014,27,1.224,"ind_itdrptd",2017-03-31
"2015.271",2015,27,1.195,"ind_itdrptd",2018-03-31
"2016.271",2016,27,1.187,"ind_itdrptd",2019-03-31
"2006.391",2006,39,1.1,"ind_itdrptd",2010-03-31
"2007.391",2007,39,1.104,"ind_itdrptd",2011-03-31
"2008.391",2008,39,1.116,"ind_itdrptd",2012-03-31
"2009.391",2009,39,1.124,"ind_itdrptd",2013-03-31
"2010.391",2010,39,1.112,"ind_itdrptd",2014-03-31
"2011.391",2011,39,1.109,"ind_itdrptd",2015-03-31
"2012.391",2012,39,1.093,"ind_itdrptd",2016-03-31
"2013.391",2013,39,1.093,"ind_itdrptd",2017-03-31
"2014.391",2014,39,1.097,"ind_itdrptd",2018-03-31
"2015.391",2015,39,1.085,"ind_itdrptd",2019-03-31
"2005.511",2005,51,1.063,"ind_itdrptd",2010-03-31
"2006.511",2006,51,1.072,"ind_itdrptd",2011-03-31
"2007.511",2007,51,1.066,"ind_itdrptd",2012-03-31
"2008.511",2008,51,1.063,"ind_itdrptd",2013-03-31
"2009.511",2009,51,1.067,"ind_itdrptd",2014-03-31
"2010.511",2010,51,1.062,"ind_itdrptd",2015-03-31
"2011.511",2011,51,1.053,"ind_itdrptd",2016-03-31
"2012.511",2012,51,1.059,"ind_itdrptd",2017-03-31
"2013.511",2013,51,1.047,"ind_itdrptd",2018-03-31
"2014.511",2014,51,1.049,"ind_itdrptd",2019-03-31
"2004.631",2004,63,1.037,"ind_itdrptd",2010-03-31
"2005.631",2005,63,1.049,"ind_itdrptd",2011-03-31
"2006.631",2006,63,1.051,"ind_itdrptd",2012-03-31
"2007.631",2007,63,1.045,"ind_itdrptd",2013-03-31
"2008.631",2008,63,1.043,"ind_itdrptd",2014-03-31
"2009.631",2009,63,1.043,"ind_itdrptd",2015-03-31
"2010.631",2010,63,1.037,"ind_itdrptd",2016-03-31
"2011.631",2011,63,1.032,"ind_itdrptd",2017-03-31
"2012.631",2012,63,1.033,"ind_itdrptd",2018-03-31
"2013.631",2013,63,1.03,"ind_itdrptd",2019-03-31
"2003.751",2003,75,1.018,"ind_itdrptd",2010-03-31
"2004.751",2004,75,1.026,"ind_itdrptd",2011-03-31
"2005.751",2005,75,1.039,"ind_itdrptd",2012-03-31
"2006.751",2006,75,1.031,"ind_itdrptd",2013-03-31
"2007.751",2007,75,1.03,"ind_itdrptd",2014-03-31
"2008.751",2008,75,1.025,"ind_itdrptd",2015-03-31
"2009.751",2009,75,1.021,"ind_itdrptd",2016-03-31
"2010.751",2010,75,1.023,"ind_itdrptd",2017-03-31
"2011.751",2011,75,1.024,"ind_itdrptd",2018-03-31
"2012.751",2012,75,1.022,"ind_itdrptd",2019-03-31
"2002.871",2002,87,1.01,"ind_itdrptd",2010-03-31
"2003.871",2003,87,1.02,"ind_itdrptd",2011-03-31
"2004.871",2004,87,1.025,"ind_itdrptd",2012-03-31
"2005.871",2005,87,1.022,"ind_itdrptd",2013-03-31
"2006.871",2006,87,1.02,"ind_itdrptd",2014-03-31
"2007.871",2007,87,1.022,"ind_itdrptd",2015-03-31
"2008.871",2008,87,1.018,"ind_itdrptd",2016-03-31
"2009.871",2009,87,1.016,"ind_itdrptd",2017-03-31
"2010.871",2010,87,1.017,"ind_itdrptd",2018-03-31
"2011.871",2011,87,1.016,"ind_itdrptd",2019-03-31
"2001.991",2001,99,1.007,"ind_itdrptd",2010-03-31
"2002.991",2002,99,1.011,"ind_itdrptd",2011-03-31
"2003.991",2003,99,1.016,"ind_itdrptd",2012-03-31
"2004.991",2004,99,1.015,"ind_itdrptd",2013-03-31
"2005.991",2005,99,1.016,"ind_itdrptd",2014-03-31
"2006.991",2006,99,1.012,"ind_itdrptd",2015-03-31
"2007.991",2007,99,1.012,"ind_itdrptd",2016-03-31
"2008.991",2008,99,1.011,"ind_itdrptd",2017-03-31
"2009.991",2009,99,1.013,"ind_itdrptd",2018-03-31
"2010.991",2010,99,1.011,"ind_itdrptd",2019-03-31
"2000.1111",2000,111,1.005,"ind_itdrptd",2010-03-31
"2001.1111",2001,111,1.008,"ind_itdrptd",2011-03-31
"2002.1111",2002,111,1.009,"ind_itdrptd",2012-03-31
"2003.1111",2003,111,1.012,"ind_itdrptd",2013-03-31
"2004.1111",2004,111,1.015,"ind_itdrptd",2014-03-31
"2005.1111",2005,111,1.01,"ind_itdrptd",2015-03-31
"2006.1111",2006,111,1.008,"ind_itdrptd",2016-03-31
"2007.1111",2007,111,1.009,"ind_itdrptd",2017-03-31
"2008.1111",2008,111,1.008,"ind_itdrptd",2018-03-31
"2009.1111",2009,111,1.01,"ind_itdrptd",2019-03-31
"1999.1231",1999,123,1.004,"ind_itdrptd",2010-03-31
"2000.1231",2000,123,1.004,"ind_itdrptd",2011-03-31
"2001.1231",2001,123,1.007,"ind_itdrptd",2012-03-31
"2002.1231",2002,123,1.006,"ind_itdrptd",2013-03-31
"2003.1231",2003,123,1.008,"ind_itdrptd",2014-03-31
"2004.1231",2004,123,1.007,"ind_itdrptd",2015-03-31
"2005.1231",2005,123,1.005,"ind_itdrptd",2016-03-31
"2006.1231",2006,123,1.008,"ind_itdrptd",2017-03-31
"2007.1231",2007,123,1.003,"ind_itdrptd",2018-03-31
"2008.1231",2008,123,1.007,"ind_itdrptd",2019-03-31
"1998.1351",1998,135,1.002,"ind_itdrptd",2010-03-31
"1999.1351",1999,135,1.002,"ind_itdrptd",2011-03-31
"2000.1351",2000,135,1.004,"ind_itdrptd",2012-03-31
"2001.1351",2001,135,1.005,"ind_itdrptd",2013-03-31
"2002.1351",2002,135,1.005,"ind_itdrptd",2014-03-31
"2003.1351",2003,135,1.008,"ind_itdrptd",2015-03-31
"2004.1351",2004,135,1.006,"ind_itdrptd",2016-03-31
"2005.1351",2005,135,1.006,"ind_itdrptd",2017-03-31
"2006.1351",2006,135,1.005,"ind_itdrptd",2018-03-31
"2007.1351",2007,135,1.009,"ind_itdrptd",2019-03-31
"1997.1471",1997,147,1.002,"ind_itdrptd",2010-03-31
"1998.1471",1998,147,1.004,"ind_itdrptd",2011-03-31
"1999.1471",1999,147,1.004,"ind_itdrptd",2012-03-31
"2000.1471",2000,147,1.003,"ind_itdrptd",2013-03-31
"2001.1471",2001,147,1.005,"ind_itdrptd",2014-03-31
"2002.1471",2002,147,1.002,"ind_itdrptd",2015-03-31
"2003.1471",2003,147,1.002,"ind_itdrptd",2016-03-31
"2004.1471",2004,147,1.003,"ind_itdrptd",2017-03-31
"2005.1471",2005,147,1.004,"ind_itdrptd",2018-03-31
"2006.1471",2006,147,1.002,"ind_itdrptd",2019-03-31
"1996.1591",1996,159,1,"ind_itdrptd",2010-03-31
"1997.1591",1997,159,1.003,"ind_itdrptd",2011-03-31
"1998.1591",1998,159,1.004,"ind_itdrptd",2012-03-31
"1999.1591",1999,159,1.003,"ind_itdrptd",2013-03-31
"2000.1591",2000,159,1.002,"ind_itdrptd",2014-03-31
"2001.1591",2001,159,1.003,"ind_itdrptd",2015-03-31
"2002.1591",2002,159,1.001,"ind_itdrptd",2016-03-31
"2003.1591",2003,159,1.003,"ind_itdrptd",2017-03-31
"2004.1591",2004,159,1.001,"ind_itdrptd",2018-03-31
"2005.1591",2005,159,1.004,"ind_itdrptd",2019-03-31
"1995.1711",1995,171,1.001,"ind_itdrptd",2010-03-31
"1996.1711",1996,171,0.999,"ind_itdrptd",2011-03-31
"1997.1711",1997,171,1.002,"ind_itdrptd",2012-03-31
"1998.1711",1998,171,1,"ind_itdrptd",2013-03-31
"1999.1711",1999,171,1.002,"ind_itdrptd",2014-03-31
"2000.1711",2000,171,1.003,"ind_itdrptd",2015-03-31
"2001.1711",2001,171,1.001,"ind_itdrptd",2016-03-31
"2002.1711",2002,171,1.003,"ind_itdrptd",2017-03-31
"2003.1711",2003,171,1.003,"ind_itdrptd",2018-03-31
"2004.1711",2004,171,1.002,"ind_itdrptd",2019-03-31
"1994.1831",1994,183,0.999,"ind_itdrptd",2010-03-31
"1995.1831",1995,183,1.002,"ind_itdrptd",2011-03-31
"1996.1831",1996,183,1.002,"ind_itdrptd",2012-03-31
"1997.1831",1997,183,1.001,"ind_itdrptd",2013-03-31
"1998.1831",1998,183,1.003,"ind_itdrptd",2014-03-31
"1999.1831",1999,183,1.002,"ind_itdrptd",2015-03-31
"2000.1831",2000,183,1.002,"ind_itdrptd",2016-03-31
"2001.1831",2001,183,1.002,"ind_itdrptd",2017-03-31
"2002.1831",2002,183,1.002,"ind_itdrptd",2018-03-31
"2003.1831",2003,183,1.002,"ind_itdrptd",2019-03-31
"1993.1951",1993,195,0.999,"ind_itdrptd",2010-03-31
"1994.1951",1994,195,1.001,"ind_itdrptd",2011-03-31
"1995.1951",1995,195,1.001,"ind_itdrptd",2012-03-31
"1996.1951",1996,195,1.001,"ind_itdrptd",2013-03-31
"1997.1951",1997,195,1.001,"ind_itdrptd",2014-03-31
"1998.1951",1998,195,1.001,"ind_itdrptd",2015-03-31
"1999.1951",1999,195,1,"ind_itdrptd",2016-03-31
"2000.1951",2000,195,1,"ind_itdrptd",2017-03-31
"2001.1951",2001,195,1.001,"ind_itdrptd",2018-03-31
"2002.1951",2002,195,1.002,"ind_itdrptd",2019-03-31
"1992.2071",1992,207,1,"ind_itdrptd",2010-03-31
"1993.2071",1993,207,1,"ind_itdrptd",2011-03-31
"1994.2071",1994,207,1.001,"ind_itdrptd",2012-03-31
"1995.2071",1995,207,1.002,"ind_itdrptd",2013-03-31
"1996.2071",1996,207,1.002,"ind_itdrptd",2014-03-31
"1997.2071",1997,207,1,"ind_itdrptd",2015-03-31
"1998.2071",1998,207,1.002,"ind_itdrptd",2016-03-31
"1999.2071",1999,207,1,"ind_itdrptd",2017-03-31
"2000.2071",2000,207,1.002,"ind_itdrptd",2018-03-31
"2001.2071",2001,207,1.001,"ind_itdrptd",2019-03-31
"1991.2191",1991,219,1.001,"ind_itdrptd",2010-03-31
"1992.2191",1992,219,1.001,"ind_itdrptd",2011-03-31
"1993.2191",1993,219,1.001,"ind_itdrptd",2012-03-31
"1994.2191",1994,219,1.002,"ind_itdrptd",2013-03-31
"1995.2191",1995,219,0.999,"ind_itdrptd",2014-03-31
"1996.2191",1996,219,1.001,"ind_itdrptd",2015-03-31
"1997.2191",1997,219,1,"ind_itdrptd",2016-03-31
"1998.2191",1998,219,1.002,"ind_itdrptd",2017-03-31
"1999.2191",1999,219,1,"ind_itdrptd",2018-03-31
"2000.2191",2000,219,1.001,"ind_itdrptd",2019-03-31
"1990.2311",1990,231,1,"ind_itdrptd",2010-03-31
"1991.2311",1991,231,1,"ind_itdrptd",2011-03-31
"1992.2311",1992,231,1.001,"ind_itdrptd",2012-03-31
"1993.2311",1993,231,1.001,"ind_itdrptd",2013-03-31
"1994.2311",1994,231,1.001,"ind_itdrptd",2014-03-31
"1995.2311",1995,231,0.999,"ind_itdrptd",2015-03-31
"1996.2311",1996,231,1,"ind_itdrptd",2016-03-31
"1997.2311",1997,231,1,"ind_itdrptd",2017-03-31
"1998.2311",1998,231,1.001,"ind_itdrptd",2018-03-31
"1999.2311",1999,231,1.002,"ind_itdrptd",2019-03-31
"1989.2431",1989,243,1.001,"ind_itdrptd",2010-03-31
"1990.2431",1990,243,1,"ind_itdrptd",2011-03-31
"1991.2431",1991,243,1,"ind_itdrptd",2012-03-31
"1992.2431",1992,243,1.001,"ind_itdrptd",2013-03-31
"1993.2431",1993,243,1.001,"ind_itdrptd",2014-03-31
"1994.2431",1994,243,1.001,"ind_itdrptd",2015-03-31
"1995.2431",1995,243,1.001,"ind_itdrptd",2016-03-31
"1996.2431",1996,243,1.001,"ind_itdrptd",2017-03-31
"1997.2431",1997,243,0.999,"ind_itdrptd",2018-03-31
"1998.2431",1998,243,1,"ind_itdrptd",2019-03-31
"1988.2551",1988,255,1,"ind_itdrptd",2010-03-31
"1989.2551",1989,255,1.001,"ind_itdrptd",2011-03-31
"1990.2551",1990,255,1.001,"ind_itdrptd",2012-03-31
"1991.2551",1991,255,1,"ind_itdrptd",2013-03-31
"1992.2551",1992,255,1.001,"ind_itdrptd",2014-03-31
"1993.2551",1993,255,1.001,"ind_itdrptd",2015-03-31
"1994.2551",1994,255,1.001,"ind_itdrptd",2016-03-31
"1995.2551",1995,255,1,"ind_itdrptd",2017-03-31
"1996.2551",1996,255,1.001,"ind_itdrptd",2018-03-31
"1997.2551",1997,255,1.001,"ind_itdrptd",2019-03-31
"1987.2671",1987,267,1,"ind_itdrptd",2010-03-31
"1988.2671",1988,267,1.002,"ind_itdrptd",2011-03-31
"1989.2671",1989,267,1.001,"ind_itdrptd",2012-03-31
"1990.2671",1990,267,1,"ind_itdrptd",2013-03-31
"1991.2671",1991,267,1.001,"ind_itdrptd",2014-03-31
"1992.2671",1992,267,1,"ind_itdrptd",2015-03-31
"1993.2671",1993,267,1,"ind_itdrptd",2016-03-31
"1994.2671",1994,267,1.001,"ind_itdrptd",2017-03-31
"1995.2671",1995,267,1.001,"ind_itdrptd",2018-03-31
"1996.2671",1996,267,1,"ind_itdrptd",2019-03-31
"1986.2791",1986,279,1.001,"ind_itdrptd",2010-03-31
"1987.2791",1987,279,1,"ind_itdrptd",2011-03-31
"1988.2791",1988,279,1.002,"ind_itdrptd",2012-03-31
"1989.2791",1989,279,1,"ind_itdrptd",2013-03-31
"1990.2791",1990,279,1,"ind_itdrptd",2014-03-31
"1991.2791",1991,279,1,"ind_itdrptd",2015-03-31
"1992.2791",1992,279,1,"ind_itdrptd",2016-03-31
"1993.2791",1993,279,1,"ind_itdrptd",2017-03-31
"1994.2791",1994,279,1,"ind_itdrptd",2018-03-31
"1995.2791",1995,279,0.999,"ind_itdrptd",2019-03-31
"1985.2911",1985,291,1,"ind_itdrptd",2010-03-31
"1986.2911",1986,291,1,"ind_itdrptd",2011-03-31
"1987.2911",1987,291,1.002,"ind_itdrptd",2012-03-31
"1988.2911",1988,291,1.001,"ind_itdrptd",2013-03-31
"1989.2911",1989,291,1,"ind_itdrptd",2014-03-31
"1990.2911",1990,291,1,"ind_itdrptd",2015-03-31
"1991.2911",1991,291,1,"ind_itdrptd",2016-03-31
"1992.2911",1992,291,1,"ind_itdrptd",2017-03-31
"1993.2911",1993,291,1,"ind_itdrptd",2018-03-31
"1994.2911",1994,291,1.001,"ind_itdrptd",2019-03-31
"1984.3031",1984,303,1.001,"ind_itdrptd",2010-03-31
"1985.3031",1985,303,1.001,"ind_itdrptd",2011-03-31
"1986.3031",1986,303,1.002,"ind_itdrptd",2012-03-31
"1987.3031",1987,303,1.001,"ind_itdrptd",2013-03-31
"1988.3031",1988,303,1,"ind_itdrptd",2014-03-31
"1989.3031",1989,303,1,"ind_itdrptd",2015-03-31
"1990.3031",1990,303,1,"ind_itdrptd",2016-03-31
"1991.3031",1991,303,1,"ind_itdrptd",2017-03-31
"1992.3031",1992,303,1,"ind_itdrptd",2018-03-31
"1993.3031",1993,303,1,"ind_itdrptd",2019-03-31
"1983.3151",1983,315,1,"ind_itdrptd",2010-03-31
"1984.3151",1984,315,1.001,"ind_itdrptd",2011-03-31
"1985.3151",1985,315,1.001,"ind_itdrptd",2012-03-31
"1986.3151",1986,315,1.002,"ind_itdrptd",2013-03-31
"1987.3151",1987,315,1,"ind_itdrptd",2014-03-31
"1988.3151",1988,315,1,"ind_itdrptd",2015-03-31
"1989.3151",1989,315,1.001,"ind_itdrptd",2016-03-31
"1990.3151",1990,315,1,"ind_itdrptd",2017-03-31
"1991.3151",1991,315,1,"ind_itdrptd",2018-03-31
"1992.3151",1992,315,1,"ind_itdrptd",2019-03-31
"1983.3271",1983,327,1.001,"ind_itdrptd",2011-03-31
"1984.3271",1984,327,1,"ind_itdrptd",2012-03-31
"1985.3271",1985,327,1.001,"ind_itdrptd",2013-03-31
"1986.3271",1986,327,1.001,"ind_itdrptd",2014-03-31
"1987.3271",1987,327,1,"ind_itdrptd",2015-03-31
"1988.3271",1988,327,1,"ind_itdrptd",2016-03-31
"1989.3271",1989,327,1.001,"ind_itdrptd",2017-03-31
"1990.3271",1990,327,1.001,"ind_itdrptd",2018-03-31
"1991.3271",1991,327,1,"ind_itdrptd",2019-03-31
"1983.3391",1983,339,1.001,"ind_itdrptd",2012-03-31
"1984.3391",1984,339,1.001,"ind_itdrptd",2013-03-31
"1985.3391",1985,339,1.001,"ind_itdrptd",2014-03-31
"1986.3391",1986,339,1,"ind_itdrptd",2015-03-31
"1987.3391",1987,339,1.001,"ind_itdrptd",2016-03-31
"1988.3391",1988,339,1.001,"ind_itdrptd",2017-03-31
"1989.3391",1989,339,1,"ind_itdrptd",2018-03-31
"1990.3391",1990,339,1,"ind_itdrptd",2019-03-31
"1983.3511",1983,351,1.001,"ind_itdrptd",2013-03-31
"1984.3511",1984,351,1.001,"ind_itdrptd",2014-03-31
"1985.3511",1985,351,1,"ind_itdrptd",2015-03-31
"1986.3511",1986,351,1,"ind_itdrptd",2016-03-31
"1987.3511",1987,351,1,"ind_itdrptd",2017-03-31
"1988.3511",1988,351,1,"ind_itdrptd",2018-03-31
"1989.3511",1989,351,1.001,"ind_itdrptd",2019-03-31
"1983.3631",1983,363,1.001,"ind_itdrptd",2014-03-31
"1984.3631",1984,363,0.999,"ind_itdrptd",2015-03-31
"1985.3631",1985,363,1,"ind_itdrptd",2016-03-31
"1986.3631",1986,363,1,"ind_itdrptd",2017-03-31
"1987.3631",1987,363,1.001,"ind_itdrptd",2018-03-31
"1988.3631",1988,363,1,"ind_itdrptd",2019-03-31
"1983.3751",1983,375,1,"ind_itdrptd",2015-03-31
"1984.3751",1984,375,1,"ind_itdrptd",2016-03-31
"1985.3751",1985,375,1,"ind_itdrptd",2017-03-31
"1986.3751",1986,375,1,"ind_itdrptd",2018-03-31
"1987.3751",1987,375,1,"ind_itdrptd",2019-03-31
"1983.3871",1983,387,1.001,"ind_itdrptd",2016-03-31
"1984.3871",1984,387,1,"ind_itdrptd",2017-03-31
"1985.3871",1985,387,1,"ind_itdrptd",2018-03-31
"1986.3871",1986,387,1,"ind_itdrptd",2019-03-31
"1983.3991",1983,399,1.001,"ind_itdrptd",2017-03-31
"1984.3991",1984,399,1.001,"ind_itdrptd",2018-03-31
"1985.3991",1985,399,1,"ind_itdrptd",2019-03-31
"2008.152",2008,15,1.826,"med_itdpaid",2010-03-31
"2009.152",2009,15,1.876,"med_itdpaid",2011-03-31
"2010.152",2010,15,1.926,"med_itdpaid",2012-03-31
"2011.152",2011,15,1.957,"med_itdpaid",2013-03-31
"2012.152",2012,15,1.983,"med_itdpaid",2014-03-31
"2013.152",2013,15,1.939,"med_itdpaid",2015-03-31
"2014.152",2014,15,1.936,"med_itdpaid",2016-03-31
"2015.152",2015,15,1.955,"med_itdpaid",2017-03-31
"2016.152",2016,15,1.876,"med_itdpaid",2018-03-31
"2017.152",2017,15,1.838,"med_itdpaid",2019-03-31
"2007.272",2007,27,1.352,"med_itdpaid",2010-03-31
"2008.272",2008,27,1.359,"med_itdpaid",2011-03-31
"2009.272",2009,27,1.385,"med_itdpaid",2012-03-31
"2010.272",2010,27,1.402,"med_itdpaid",2013-03-31
"2011.272",2011,27,1.401,"med_itdpaid",2014-03-31
"2012.272",2012,27,1.398,"med_itdpaid",2015-03-31
"2013.272",2013,27,1.39,"med_itdpaid",2016-03-31
"2014.272",2014,27,1.387,"med_itdpaid",2017-03-31
"2015.272",2015,27,1.359,"med_itdpaid",2018-03-31
"2016.272",2016,27,1.339,"med_itdpaid",2019-03-31
"2006.392",2006,39,1.195,"med_itdpaid",2010-03-31
"2007.392",2007,39,1.203,"med_itdpaid",2011-03-31
"2008.392",2008,39,1.208,"med_itdpaid",2012-03-31
"2009.392",2009,39,1.221,"med_itdpaid",2013-03-31
"2010.392",2010,39,1.237,"med_itdpaid",2014-03-31
"2011.392",2011,39,1.217,"med_itdpaid",2015-03-31
"2012.392",2012,39,1.213,"med_itdpaid",2016-03-31
"2013.392",2013,39,1.206,"med_itdpaid",2017-03-31
"2014.392",2014,39,1.194,"med_itdpaid",2018-03-31
"2015.392",2015,39,1.185,"med_itdpaid",2019-03-31
"2005.512",2005,51,1.123,"med_itdpaid",2010-03-31
"2006.512",2006,51,1.126,"med_itdpaid",2011-03-31
"2007.512",2007,51,1.12,"med_itdpaid",2012-03-31
"2008.512",2008,51,1.134,"med_itdpaid",2013-03-31
"2009.512",2009,51,1.15,"med_itdpaid",2014-03-31
"2010.512",2010,51,1.133,"med_itdpaid",2015-03-31
"2011.512",2011,51,1.131,"med_itdpaid",2016-03-31
"2012.512",2012,51,1.128,"med_itdpaid",2017-03-31
"2013.512",2013,51,1.111,"med_itdpaid",2018-03-31
"2014.512",2014,51,1.105,"med_itdpaid",2019-03-31
"2004.632",2004,63,1.086,"med_itdpaid",2010-03-31
"2005.632",2005,63,1.091,"med_itdpaid",2011-03-31
"2006.632",2006,63,1.085,"med_itdpaid",2012-03-31
"2007.632",2007,63,1.092,"med_itdpaid",2013-03-31
"2008.632",2008,63,1.098,"med_itdpaid",2014-03-31
"2009.632",2009,63,1.095,"med_itdpaid",2015-03-31
"2010.632",2010,63,1.087,"med_itdpaid",2016-03-31
"2011.632",2011,63,1.082,"med_itdpaid",2017-03-31
"2012.632",2012,63,1.076,"med_itdpaid",2018-03-31
"2013.632",2013,63,1.068,"med_itdpaid",2019-03-31
"2003.752",2003,75,1.055,"med_itdpaid",2010-03-31
"2004.752",2004,75,1.066,"med_itdpaid",2011-03-31
"2005.752",2005,75,1.063,"med_itdpaid",2012-03-31
"2006.752",2006,75,1.064,"med_itdpaid",2013-03-31
"2007.752",2007,75,1.079,"med_itdpaid",2014-03-31
"2008.752",2008,75,1.067,"med_itdpaid",2015-03-31
"2009.752",2009,75,1.062,"med_itdpaid",2016-03-31
"2010.752",2010,75,1.06,"med_itdpaid",2017-03-31
"2011.752",2011,75,1.055,"med_itdpaid",2018-03-31
"2012.752",2012,75,1.051,"med_itdpaid",2019-03-31
"2002.872",2002,87,1.043,"med_itdpaid",2010-03-31
"2003.872",2003,87,1.045,"med_itdpaid",2011-03-31
"2004.872",2004,87,1.047,"med_itdpaid",2012-03-31
"2005.872",2005,87,1.053,"med_itdpaid",2013-03-31
"2006.872",2006,87,1.057,"med_itdpaid",2014-03-31
"2007.872",2007,87,1.051,"med_itdpaid",2015-03-31
"2008.872",2008,87,1.047,"med_itdpaid",2016-03-31
"2009.872",2009,87,1.042,"med_itdpaid",2017-03-31
"2010.872",2010,87,1.039,"med_itdpaid",2018-03-31
"2011.872",2011,87,1.037,"med_itdpaid",2019-03-31
"2001.992",2001,99,1.037,"med_itdpaid",2010-03-31
"2002.992",2002,99,1.032,"med_itdpaid",2011-03-31
"2003.992",2003,99,1.033,"med_itdpaid",2012-03-31
"2004.992",2004,99,1.039,"med_itdpaid",2013-03-31
"2005.992",2005,99,1.051,"med_itdpaid",2014-03-31
"2006.992",2006,99,1.04,"med_itdpaid",2015-03-31
"2007.992",2007,99,1.038,"med_itdpaid",2016-03-31
"2008.992",2008,99,1.033,"med_itdpaid",2017-03-31
"2009.992",2009,99,1.029,"med_itdpaid",2018-03-31
"2010.992",2010,99,1.027,"med_itdpaid",2019-03-31
"2000.1112",2000,111,1.03,"med_itdpaid",2010-03-31
"2001.1112",2001,111,1.033,"med_itdpaid",2011-03-31
"2002.1112",2002,111,1.027,"med_itdpaid",2012-03-31
"2003.1112",2003,111,1.029,"med_itdpaid",2013-03-31
"2004.1112",2004,111,1.041,"med_itdpaid",2014-03-31
"2005.1112",2005,111,1.037,"med_itdpaid",2015-03-31
"2006.1112",2006,111,1.032,"med_itdpaid",2016-03-31
"2007.1112",2007,111,1.028,"med_itdpaid",2017-03-31
"2008.1112",2008,111,1.024,"med_itdpaid",2018-03-31
"2009.1112",2009,111,1.023,"med_itdpaid",2019-03-31
"1999.1232",1999,123,1.03,"med_itdpaid",2010-03-31
"2000.1232",2000,123,1.026,"med_itdpaid",2011-03-31
"2001.1232",2001,123,1.026,"med_itdpaid",2012-03-31
"2002.1232",2002,123,1.024,"med_itdpaid",2013-03-31
"2003.1232",2003,123,1.033,"med_itdpaid",2014-03-31
"2004.1232",2004,123,1.031,"med_itdpaid",2015-03-31
"2005.1232",2005,123,1.029,"med_itdpaid",2016-03-31
"2006.1232",2006,123,1.023,"med_itdpaid",2017-03-31
"2007.1232",2007,123,1.021,"med_itdpaid",2018-03-31
"2008.1232",2008,123,1.019,"med_itdpaid",2019-03-31
"1998.1352",1998,135,1.027,"med_itdpaid",2010-03-31
"1999.1352",1999,135,1.025,"med_itdpaid",2011-03-31
"2000.1352",2000,135,1.022,"med_itdpaid",2012-03-31
"2001.1352",2001,135,1.022,"med_itdpaid",2013-03-31
"2002.1352",2002,135,1.026,"med_itdpaid",2014-03-31
"2003.1352",2003,135,1.025,"med_itdpaid",2015-03-31
"2004.1352",2004,135,1.022,"med_itdpaid",2016-03-31
"2005.1352",2005,135,1.02,"med_itdpaid",2017-03-31
"2006.1352",2006,135,1.018,"med_itdpaid",2018-03-31
"2007.1352",2007,135,1.019,"med_itdpaid",2019-03-31
"1997.1472",1997,147,1.02,"med_itdpaid",2010-03-31
"1998.1472",1998,147,1.021,"med_itdpaid",2011-03-31
"1999.1472",1999,147,1.02,"med_itdpaid",2012-03-31
"2000.1472",2000,147,1.02,"med_itdpaid",2013-03-31
"2001.1472",2001,147,1.026,"med_itdpaid",2014-03-31
"2002.1472",2002,147,1.018,"med_itdpaid",2015-03-31
"2003.1472",2003,147,1.018,"med_itdpaid",2016-03-31
"2004.1472",2004,147,1.017,"med_itdpaid",2017-03-31
"2005.1472",2005,147,1.017,"med_itdpaid",2018-03-31
"2006.1472",2006,147,1.015,"med_itdpaid",2019-03-31
"1996.1592",1996,159,1.022,"med_itdpaid",2010-03-31
"1997.1592",1997,159,1.019,"med_itdpaid",2011-03-31
"1998.1592",1998,159,1.017,"med_itdpaid",2012-03-31
"1999.1592",1999,159,1.016,"med_itdpaid",2013-03-31
"2000.1592",2000,159,1.021,"med_itdpaid",2014-03-31
"2001.1592",2001,159,1.019,"med_itdpaid",2015-03-31
"2002.1592",2002,159,1.015,"med_itdpaid",2016-03-31
"2003.1592",2003,159,1.015,"med_itdpaid",2017-03-31
"2004.1592",2004,159,1.014,"med_itdpaid",2018-03-31
"2005.1592",2005,159,1.013,"med_itdpaid",2019-03-31
"1995.1712",1995,171,1.018,"med_itdpaid",2010-03-31
"1996.1712",1996,171,1.014,"med_itdpaid",2011-03-31
"1997.1712",1997,171,1.014,"med_itdpaid",2012-03-31
"1998.1712",1998,171,1.019,"med_itdpaid",2013-03-31
"1999.1712",1999,171,1.018,"med_itdpaid",2014-03-31
"2000.1712",2000,171,1.016,"med_itdpaid",2015-03-31
"2001.1712",2001,171,1.017,"med_itdpaid",2016-03-31
"2002.1712",2002,171,1.011,"med_itdpaid",2017-03-31
"2003.1712",2003,171,1.012,"med_itdpaid",2018-03-31
"2004.1712",2004,171,1.011,"med_itdpaid",2019-03-31
"1994.1832",1994,183,1.012,"med_itdpaid",2010-03-31
"1995.1832",1995,183,1.017,"med_itdpaid",2011-03-31
"1996.1832",1996,183,1.014,"med_itdpaid",2012-03-31
"1997.1832",1997,183,1.014,"med_itdpaid",2013-03-31
"1998.1832",1998,183,1.018,"med_itdpaid",2014-03-31
"1999.1832",1999,183,1.018,"med_itdpaid",2015-03-31
"2000.1832",2000,183,1.012,"med_itdpaid",2016-03-31
"2001.1832",2001,183,1.012,"med_itdpaid",2017-03-31
"2002.1832",2002,183,1.011,"med_itdpaid",2018-03-31
"2003.1832",2003,183,1.011,"med_itdpaid",2019-03-31
"1993.1952",1993,195,1.011,"med_itdpaid",2010-03-31
"1994.1952",1994,195,1.013,"med_itdpaid",2011-03-31
"1995.1952",1995,195,1.013,"med_itdpaid",2012-03-31
"1996.1952",1996,195,1.014,"med_itdpaid",2013-03-31
"1997.1952",1997,195,1.015,"med_itdpaid",2014-03-31
"1998.1952",1998,195,1.017,"med_itdpaid",2015-03-31
"1999.1952",1999,195,1.014,"med_itdpaid",2016-03-31
"2000.1952",2000,195,1.011,"med_itdpaid",2017-03-31
"2001.1952",2001,195,1.01,"med_itdpaid",2018-03-31
"2002.1952",2002,195,1.009,"med_itdpaid",2019-03-31
"1992.2072",1992,207,1.007,"med_itdpaid",2010-03-31
"1993.2072",1993,207,1.011,"med_itdpaid",2011-03-31
"1994.2072",1994,207,1.009,"med_itdpaid",2012-03-31
"1995.2072",1995,207,1.012,"med_itdpaid",2013-03-31
"1996.2072",1996,207,1.014,"med_itdpaid",2014-03-31
"1997.2072",1997,207,1.013,"med_itdpaid",2015-03-31
"1998.2072",1998,207,1.013,"med_itdpaid",2016-03-31
"1999.2072",1999,207,1.012,"med_itdpaid",2017-03-31
"2000.2072",2000,207,1.008,"med_itdpaid",2018-03-31
"2001.2072",2001,207,1.01,"med_itdpaid",2019-03-31
"1991.2192",1991,219,1.006,"med_itdpaid",2010-03-31
"1992.2192",1992,219,1.007,"med_itdpaid",2011-03-31
"1993.2192",1993,219,1.011,"med_itdpaid",2012-03-31
"1994.2192",1994,219,1.009,"med_itdpaid",2013-03-31
"1995.2192",1995,219,1.016,"med_itdpaid",2014-03-31
"1996.2192",1996,219,1.014,"med_itdpaid",2015-03-31
"1997.2192",1997,219,1.01,"med_itdpaid",2016-03-31
"1998.2192",1998,219,1.01,"med_itdpaid",2017-03-31
"1999.2192",1999,219,1.009,"med_itdpaid",2018-03-31
"2000.2192",2000,219,1.008,"med_itdpaid",2019-03-31
"1990.2312",1990,231,1.005,"med_itdpaid",2010-03-31
"1991.2312",1991,231,1.006,"med_itdpaid",2011-03-31
"1992.2312",1992,231,1,"med_itdpaid",2012-03-31
"1993.2312",1993,231,1.009,"med_itdpaid",2013-03-31
"1994.2312",1994,231,1.012,"med_itdpaid",2014-03-31
"1995.2312",1995,231,1.013,"med_itdpaid",2015-03-31
"1996.2312",1996,231,1.01,"med_itdpaid",2016-03-31
"1997.2312",1997,231,1.006,"med_itdpaid",2017-03-31
"1998.2312",1998,231,1.007,"med_itdpaid",2018-03-31
"1999.2312",1999,231,1.009,"med_itdpaid",2019-03-31
"1989.2432",1989,243,1.005,"med_itdpaid",2010-03-31
"1990.2432",1990,243,1.005,"med_itdpaid",2011-03-31
"1991.2432",1991,243,1.005,"med_itdpaid",2012-03-31
"1992.2432",1992,243,1.007,"med_itdpaid",2013-03-31
"1993.2432",1993,243,1.013,"med_itdpaid",2014-03-31
"1994.2432",1994,243,1.01,"med_itdpaid",2015-03-31
"1995.2432",1995,243,1.011,"med_itdpaid",2016-03-31
"1996.2432",1996,243,1.007,"med_itdpaid",2017-03-31
"1997.2432",1997,243,1.006,"med_itdpaid",2018-03-31
"1998.2432",1998,243,1.008,"med_itdpaid",2019-03-31
"1988.2552",1988,255,1.005,"med_itdpaid",2010-03-31
"1989.2552",1989,255,1.005,"med_itdpaid",2011-03-31
"1990.2552",1990,255,1.006,"med_itdpaid",2012-03-31
"1991.2552",1991,255,1.006,"med_itdpaid",2013-03-31
"1992.2552",1992,255,1.007,"med_itdpaid",2014-03-31
"1993.2552",1993,255,1.01,"med_itdpaid",2015-03-31
"1994.2552",1994,255,1.008,"med_itdpaid",2016-03-31
"1995.2552",1995,255,1.013,"med_itdpaid",2017-03-31
"1996.2552",1996,255,1.007,"med_itdpaid",2018-03-31
"1997.2552",1997,255,1.007,"med_itdpaid",2019-03-31
"1987.2672",1987,267,1.005,"med_itdpaid",2010-03-31
"1988.2672",1988,267,1.006,"med_itdpaid",2011-03-31
"1989.2672",1989,267,1.008,"med_itdpaid",2012-03-31
"1990.2672",1990,267,1.004,"med_itdpaid",2013-03-31
"1991.2672",1991,267,1.006,"med_itdpaid",2014-03-31
"1992.2672",1992,267,1.005,"med_itdpaid",2015-03-31
"1993.2672",1993,267,1.008,"med_itdpaid",2016-03-31
"1994.2672",1994,267,1.008,"med_itdpaid",2017-03-31
"1995.2672",1995,267,1.007,"med_itdpaid",2018-03-31
"1996.2672",1996,267,1.009,"med_itdpaid",2019-03-31
"1986.2792",1986,279,1.005,"med_itdpaid",2010-03-31
"1987.2792",1987,279,1.005,"med_itdpaid",2011-03-31
"1988.2792",1988,279,1.006,"med_itdpaid",2012-03-31
"1989.2792",1989,279,1.006,"med_itdpaid",2013-03-31
"1990.2792",1990,279,1.004,"med_itdpaid",2014-03-31
"1991.2792",1991,279,1.005,"med_itdpaid",2015-03-31
"1992.2792",1992,279,1.005,"med_itdpaid",2016-03-31
"1993.2792",1993,279,1.005,"med_itdpaid",2017-03-31
"1994.2792",1994,279,1.007,"med_itdpaid",2018-03-31
"1995.2792",1995,279,1.007,"med_itdpaid",2019-03-31
"1985.2912",1985,291,1.004,"med_itdpaid",2010-03-31
"1986.2912",1986,291,1.005,"med_itdpaid",2011-03-31
"1987.2912",1987,291,1.005,"med_itdpaid",2012-03-31
"1988.2912",1988,291,1.004,"med_itdpaid",2013-03-31
"1989.2912",1989,291,1.006,"med_itdpaid",2014-03-31
"1990.2912",1990,291,1.004,"med_itdpaid",2015-03-31
"1991.2912",1991,291,1.004,"med_itdpaid",2016-03-31
"1992.2912",1992,291,1.005,"med_itdpaid",2017-03-31
"1993.2912",1993,291,1.006,"med_itdpaid",2018-03-31
"1994.2912",1994,291,1.004,"med_itdpaid",2019-03-31
"1984.3032",1984,303,1.003,"med_itdpaid",2010-03-31
"1985.3032",1985,303,1.003,"med_itdpaid",2011-03-31
"1986.3032",1986,303,1.005,"med_itdpaid",2012-03-31
"1987.3032",1987,303,1.005,"med_itdpaid",2013-03-31
"1988.3032",1988,303,1.005,"med_itdpaid",2014-03-31
"1989.3032",1989,303,1.005,"med_itdpaid",2015-03-31
"1990.3032",1990,303,1.003,"med_itdpaid",2016-03-31
"1991.3032",1991,303,1.003,"med_itdpaid",2017-03-31
"1992.3032",1992,303,1.005,"med_itdpaid",2018-03-31
"1993.3032",1993,303,1.008,"med_itdpaid",2019-03-31
"1983.3152",1983,315,1.005,"med_itdpaid",2010-03-31
"1984.3152",1984,315,1.004,"med_itdpaid",2011-03-31
"1985.3152",1985,315,1.004,"med_itdpaid",2012-03-31
"1986.3152",1986,315,1.005,"med_itdpaid",2013-03-31
"1987.3152",1987,315,1.006,"med_itdpaid",2014-03-31
"1988.3152",1988,315,1.004,"med_itdpaid",2015-03-31
"1989.3152",1989,315,1.003,"med_itdpaid",2016-03-31
"1990.3152",1990,315,1.002,"med_itdpaid",2017-03-31
"1991.3152",1991,315,1.002,"med_itdpaid",2018-03-31
"1992.3152",1992,315,1.006,"med_itdpaid",2019-03-31
"1983.3272",1983,327,1.004,"med_itdpaid",2011-03-31
"1984.3272",1984,327,1.004,"med_itdpaid",2012-03-31
"1985.3272",1985,327,1.004,"med_itdpaid",2013-03-31
"1986.3272",1986,327,1.005,"med_itdpaid",2014-03-31
"1987.3272",1987,327,1.005,"med_itdpaid",2015-03-31
"1988.3272",1988,327,1.003,"med_itdpaid",2016-03-31
"1989.3272",1989,327,1.003,"med_itdpaid",2017-03-31
"1990.3272",1990,327,1.002,"med_itdpaid",2018-03-31
"1991.3272",1991,327,1.004,"med_itdpaid",2019-03-31
"1983.3392",1983,339,1.004,"med_itdpaid",2012-03-31
"1984.3392",1984,339,1.003,"med_itdpaid",2013-03-31
"1985.3392",1985,339,1.003,"med_itdpaid",2014-03-31
"1986.3392",1986,339,1.006,"med_itdpaid",2015-03-31
"1987.3392",1987,339,1.003,"med_itdpaid",2016-03-31
"1988.3392",1988,339,1.003,"med_itdpaid",2017-03-31
"1989.3392",1989,339,1.003,"med_itdpaid",2018-03-31
"1990.3392",1990,339,1.003,"med_itdpaid",2019-03-31
"1983.3512",1983,351,1.004,"med_itdpaid",2013-03-31
"1984.3512",1984,351,1.003,"med_itdpaid",2014-03-31
"1985.3512",1985,351,1.003,"med_itdpaid",2015-03-31
"1986.3512",1986,351,1.004,"med_itdpaid",2016-03-31
"1987.3512",1987,351,1.003,"med_itdpaid",2017-03-31
"1988.3512",1988,351,1.003,"med_itdpaid",2018-03-31
"1989.3512",1989,351,1.003,"med_itdpaid",2019-03-31
"1983.3632",1983,363,1.004,"med_itdpaid",2014-03-31
"1984.3632",1984,363,1.002,"med_itdpaid",2015-03-31
"1985.3632",1985,363,1.002,"med_itdpaid",2016-03-31
"1986.3632",1986,363,1.006,"med_itdpaid",2017-03-31
"1987.3632",1987,363,1.002,"med_itdpaid",2018-03-31
"1988.3632",1988,363,1.004,"med_itdpaid",2019-03-31
"1983.3752",1983,375,1.003,"med_itdpaid",2015-03-31
"1984.3752",1984,375,1.003,"med_itdpaid",2016-03-31
"1985.3752",1985,375,1.003,"med_itdpaid",2017-03-31
"1986.3752",1986,375,1.004,"med_itdpaid",2018-03-31
"1987.3752",1987,375,1.003,"med_itdpaid",2019-03-31
"1983.3872",1983,387,1.003,"med_itdpaid",2016-03-31
"1984.3872",1984,387,1.002,"med_itdpaid",2017-03-31
"1985.3872",1985,387,1.002,"med_itdpaid",2018-03-31
"1986.3872",1986,387,1.003,"med_itdpaid",2019-03-31
"1983.3992",1983,399,1.004,"med_itdpaid",2017-03-31
"1984.3992",1984,399,1.001,"med_itdpaid",2018-03-31
"1985.3992",1985,399,1.002,"med_itdpaid",2019-03-31
"2008.153",2008,15,1.378,"med_itdrptd",2010-03-31
"2009.153",2009,15,1.431,"med_itdrptd",2011-03-31
"2010.153",2010,15,1.431,"med_itdrptd",2012-03-31
"2011.153",2011,15,1.452,"med_itdrptd",2013-03-31
"2012.153",2012,15,1.391,"med_itdrptd",2014-03-31
"2013.153",2013,15,1.353,"med_itdrptd",2015-03-31
"2014.153",2014,15,1.325,"med_itdrptd",2016-03-31
"2015.153",2015,15,1.314,"med_itdrptd",2017-03-31
"2016.153",2016,15,1.287,"med_itdrptd",2018-03-31
"2017.153",2017,15,1.261,"med_itdrptd",2019-03-31
"2007.273",2007,27,1.171,"med_itdrptd",2010-03-31
"2008.273",2008,27,1.189,"med_itdrptd",2011-03-31
"2009.273",2009,27,1.182,"med_itdrptd",2012-03-31
"2010.273",2010,27,1.212,"med_itdrptd",2013-03-31
"2011.273",2011,27,1.185,"med_itdrptd",2014-03-31
"2012.273",2012,27,1.153,"med_itdrptd",2015-03-31
"2013.273",2013,27,1.119,"med_itdrptd",2016-03-31
"2014.273",2014,27,1.135,"med_itdrptd",2017-03-31
"2015.273",2015,27,1.118,"med_itdrptd",2018-03-31
"2016.273",2016,27,1.093,"med_itdrptd",2019-03-31
"2006.393",2006,39,1.095,"med_itdrptd",2010-03-31
"2007.393",2007,39,1.114,"med_itdrptd",2011-03-31
"2008.393",2008,39,1.116,"med_itdrptd",2012-03-31
"2009.393",2009,39,1.133,"med_itdrptd",2013-03-31
"2010.393",2010,39,1.117,"med_itdrptd",2014-03-31
"2011.393",2011,39,1.103,"med_itdrptd",2015-03-31
"2012.393",2012,39,1.078,"med_itdrptd",2016-03-31
"2013.393",2013,39,1.077,"med_itdrptd",2017-03-31
"2014.393",2014,39,1.064,"med_itdrptd",2018-03-31
"2015.393",2015,39,1.05,"med_itdrptd",2019-03-31
"2005.513",2005,51,1.08,"med_itdrptd",2010-03-31
"2006.513",2006,51,1.076,"med_itdrptd",2011-03-31
"2007.513",2007,51,1.078,"med_itdrptd",2012-03-31
"2008.513",2008,51,1.087,"med_itdrptd",2013-03-31
"2009.513",2009,51,1.08,"med_itdrptd",2014-03-31
"2010.513",2010,51,1.068,"med_itdrptd",2015-03-31
"2011.513",2011,51,1.059,"med_itdrptd",2016-03-31
"2012.513",2012,51,1.051,"med_itdrptd",2017-03-31
"2013.513",2013,51,1.031,"med_itdrptd",2018-03-31
"2014.513",2014,51,1.033,"med_itdrptd",2019-03-31
"2004.633",2004,63,1.056,"med_itdrptd",2010-03-31
"2005.633",2005,63,1.074,"med_itdrptd",2011-03-31
"2006.633",2006,63,1.061,"med_itdrptd",2012-03-31
"2007.633",2007,63,1.069,"med_itdrptd",2013-03-31
"2008.633",2008,63,1.058,"med_itdrptd",2014-03-31
"2009.633",2009,63,1.049,"med_itdrptd",2015-03-31
"2010.633",2010,63,1.036,"med_itdrptd",2016-03-31
"2011.633",2011,63,1.025,"med_itdrptd",2017-03-31
"2012.633",2012,63,1.025,"med_itdrptd",2018-03-31
"2013.633",2013,63,1.023,"med_itdrptd",2019-03-31
"2003.753",2003,75,1.043,"med_itdrptd",2010-03-31
"2004.753",2004,75,1.062,"med_itdrptd",2011-03-31
"2005.753",2005,75,1.057,"med_itdrptd",2012-03-31
"2006.753",2006,75,1.049,"med_itdrptd",2013-03-31
"2007.753",2007,75,1.041,"med_itdrptd",2014-03-31
"2008.753",2008,75,1.035,"med_itdrptd",2015-03-31
"2009.753",2009,75,1.025,"med_itdrptd",2016-03-31
"2010.753",2010,75,1.023,"med_itdrptd",2017-03-31
"2011.753",2011,75,1.016,"med_itdrptd",2018-03-31
"2012.753",2012,75,1.014,"med_itdrptd",2019-03-31
"2002.873",2002,87,1.034,"med_itdrptd",2010-03-31
"2003.873",2003,87,1.04,"med_itdrptd",2011-03-31
"2004.873",2004,87,1.038,"med_itdrptd",2012-03-31
"2005.873",2005,87,1.04,"med_itdrptd",2013-03-31
"2006.873",2006,87,1.037,"med_itdrptd",2014-03-31
"2007.873",2007,87,1.028,"med_itdrptd",2015-03-31
"2008.873",2008,87,1.02,"med_itdrptd",2016-03-31
"2009.873",2009,87,1.014,"med_itdrptd",2017-03-31
"2010.873",2010,87,1.011,"med_itdrptd",2018-03-31
"2011.873",2011,87,1.011,"med_itdrptd",2019-03-31
"2001.993",2001,99,1.035,"med_itdrptd",2010-03-31
"2002.993",2002,99,1.028,"med_itdrptd",2011-03-31
"2003.993",2003,99,1.036,"med_itdrptd",2012-03-31
"2004.993",2004,99,1.032,"med_itdrptd",2013-03-31
"2005.993",2005,99,1.027,"med_itdrptd",2014-03-31
"2006.993",2006,99,1.018,"med_itdrptd",2015-03-31
"2007.993",2007,99,1.015,"med_itdrptd",2016-03-31
"2008.993",2008,99,1.009,"med_itdrptd",2017-03-31
"2009.993",2009,99,1.006,"med_itdrptd",2018-03-31
"2010.993",2010,99,1.011,"med_itdrptd",2019-03-31
"2000.1113",2000,111,1.019,"med_itdrptd",2010-03-31
"2001.1113",2001,111,1.03,"med_itdrptd",2011-03-31
"2002.1113",2002,111,1.027,"med_itdrptd",2012-03-31
"2003.1113",2003,111,1.025,"med_itdrptd",2013-03-31
"2004.1113",2004,111,1.026,"med_itdrptd",2014-03-31
"2005.1113",2005,111,1.018,"med_itdrptd",2015-03-31
"2006.1113",2006,111,1.007,"med_itdrptd",2016-03-31
"2007.1113",2007,111,1.005,"med_itdrptd",2017-03-31
"2008.1113",2008,111,1.004,"med_itdrptd",2018-03-31
"2009.1113",2009,111,1.004,"med_itdrptd",2019-03-31
"1999.1233",1999,123,1.018,"med_itdrptd",2010-03-31
"2000.1233",2000,123,1.022,"med_itdrptd",2011-03-31
"2001.1233",2001,123,1.02,"med_itdrptd",2012-03-31
"2002.1233",2002,123,1.02,"med_itdrptd",2013-03-31
"2003.1233",2003,123,1.019,"med_itdrptd",2014-03-31
"2004.1233",2004,123,1.008,"med_itdrptd",2015-03-31
"2005.1233",2005,123,1.005,"med_itdrptd",2016-03-31
"2006.1233",2006,123,1.003,"med_itdrptd",2017-03-31
"2007.1233",2007,123,1.004,"med_itdrptd",2018-03-31
"2008.1233",2008,123,1.002,"med_itdrptd",2019-03-31
"1998.1353",1998,135,1.02,"med_itdrptd",2010-03-31
"1999.1353",1999,135,1.017,"med_itdrptd",2011-03-31
"2000.1353",2000,135,1.016,"med_itdrptd",2012-03-31
"2001.1353",2001,135,1.018,"med_itdrptd",2013-03-31
"2002.1353",2002,135,1.013,"med_itdrptd",2014-03-31
"2003.1353",2003,135,1.009,"med_itdrptd",2015-03-31
"2004.1353",2004,135,1.004,"med_itdrptd",2016-03-31
"2005.1353",2005,135,1.003,"med_itdrptd",2017-03-31
"2006.1353",2006,135,1.001,"med_itdrptd",2018-03-31
"2007.1353",2007,135,1.003,"med_itdrptd",2019-03-31
"1997.1473",1997,147,1.018,"med_itdrptd",2010-03-31
"1998.1473",1998,147,1.01,"med_itdrptd",2011-03-31
"1999.1473",1999,147,1.014,"med_itdrptd",2012-03-31
"2000.1473",2000,147,1.017,"med_itdrptd",2013-03-31
"2001.1473",2001,147,1.018,"med_itdrptd",2014-03-31
"2002.1473",2002,147,1.007,"med_itdrptd",2015-03-31
"2003.1473",2003,147,1.001,"med_itdrptd",2016-03-31
"2004.1473",2004,147,0.999,"med_itdrptd",2017-03-31
"2005.1473",2005,147,1.003,"med_itdrptd",2018-03-31
"2006.1473",2006,147,1.003,"med_itdrptd",2019-03-31
"1996.1593",1996,159,1.015,"med_itdrptd",2010-03-31
"1997.1593",1997,159,1.009,"med_itdrptd",2011-03-31
"1998.1593",1998,159,1.01,"med_itdrptd",2012-03-31
"1999.1593",1999,159,1.009,"med_itdrptd",2013-03-31
"2000.1593",2000,159,1.012,"med_itdrptd",2014-03-31
"2001.1593",2001,159,1.006,"med_itdrptd",2015-03-31
"2002.1593",2002,159,0.998,"med_itdrptd",2016-03-31
"2003.1593",2003,159,0.999,"med_itdrptd",2017-03-31
"2004.1593",2004,159,0.998,"med_itdrptd",2018-03-31
"2005.1593",2005,159,0.998,"med_itdrptd",2019-03-31
"1995.1713",1995,171,1.016,"med_itdrptd",2010-03-31
"1996.1713",1996,171,1.013,"med_itdrptd",2011-03-31
"1997.1713",1997,171,1.01,"med_itdrptd",2012-03-31
"1998.1713",1998,171,1.013,"med_itdrptd",2013-03-31
"1999.1713",1999,171,1.012,"med_itdrptd",2014-03-31
"2000.1713",2000,171,1.005,"med_itdrptd",2015-03-31
"2001.1713",2001,171,0.998,"med_itdrptd",2016-03-31
"2002.1713",2002,171,0.999,"med_itdrptd",2017-03-31
"2003.1713",2003,171,0.999,"med_itdrptd",2018-03-31
"2004.1713",2004,171,0.998,"med_itdrptd",2019-03-31
"1994.1833",1994,183,1.021,"med_itdrptd",2010-03-31
"1995.1833",1995,183,1.005,"med_itdrptd",2011-03-31
"1996.1833",1996,183,1.012,"med_itdrptd",2012-03-31
"1997.1833",1997,183,1.005,"med_itdrptd",2013-03-31
"1998.1833",1998,183,1.007,"med_itdrptd",2014-03-31
"1999.1833",1999,183,1.003,"med_itdrptd",2015-03-31
"2000.1833",2000,183,0.998,"med_itdrptd",2016-03-31
"2001.1833",2001,183,0.999,"med_itdrptd",2017-03-31
"2002.1833",2002,183,0.999,"med_itdrptd",2018-03-31
"2003.1833",2003,183,1.001,"med_itdrptd",2019-03-31
"1993.1953",1993,195,1.008,"med_itdrptd",2010-03-31
"1994.1953",1994,195,1.011,"med_itdrptd",2011-03-31
"1995.1953",1995,195,1.01,"med_itdrptd",2012-03-31
"1996.1953",1996,195,1.008,"med_itdrptd",2013-03-31
"1997.1953",1997,195,1.004,"med_itdrptd",2014-03-31
"1998.1953",1998,195,1.012,"med_itdrptd",2015-03-31
"1999.1953",1999,195,1,"med_itdrptd",2016-03-31
"2000.1953",2000,195,0.995,"med_itdrptd",2017-03-31
"2001.1953",2001,195,0.996,"med_itdrptd",2018-03-31
"2002.1953",2002,195,0.999,"med_itdrptd",2019-03-31
"1992.2073",1992,207,1.009,"med_itdrptd",2010-03-31
"1993.2073",1993,207,1.005,"med_itdrptd",2011-03-31
"1994.2073",1994,207,1.011,"med_itdrptd",2012-03-31
"1995.2073",1995,207,1.012,"med_itdrptd",2013-03-31
"1996.2073",1996,207,1.007,"med_itdrptd",2014-03-31
"1997.2073",1997,207,1,"med_itdrptd",2015-03-31
"1998.2073",1998,207,0.999,"med_itdrptd",2016-03-31
"1999.2073",1999,207,0.998,"med_itdrptd",2017-03-31
"2000.2073",2000,207,0.997,"med_itdrptd",2018-03-31
"2001.2073",2001,207,1.002,"med_itdrptd",2019-03-31
"1991.2193",1991,219,1.006,"med_itdrptd",2010-03-31
"1992.2193",1992,219,1.001,"med_itdrptd",2011-03-31
"1993.2193",1993,219,1.013,"med_itdrptd",2012-03-31
"1994.2193",1994,219,1.005,"med_itdrptd",2013-03-31
"1995.2193",1995,219,0.996,"med_itdrptd",2014-03-31
"1996.2193",1996,219,1.003,"med_itdrptd",2015-03-31
"1997.2193",1997,219,0.995,"med_itdrptd",2016-03-31
"1998.2193",1998,219,1,"med_itdrptd",2017-03-31
"1999.2193",1999,219,0.997,"med_itdrptd",2018-03-31
"2000.2193",2000,219,0.998,"med_itdrptd",2019-03-31
"1990.2313",1990,231,1.008,"med_itdrptd",2010-03-31
"1991.2313",1991,231,1.005,"med_itdrptd",2011-03-31
"1992.2313",1992,231,1.003,"med_itdrptd",2012-03-31
"1993.2313",1993,231,1.013,"med_itdrptd",2013-03-31
"1994.2313",1994,231,1.006,"med_itdrptd",2014-03-31
"1995.2313",1995,231,1.007,"med_itdrptd",2015-03-31
"1996.2313",1996,231,1,"med_itdrptd",2016-03-31
"1997.2313",1997,231,0.997,"med_itdrptd",2017-03-31
"1998.2313",1998,231,0.996,"med_itdrptd",2018-03-31
"1999.2313",1999,231,1.002,"med_itdrptd",2019-03-31
"1989.2433",1989,243,1.008,"med_itdrptd",2010-03-31
"1990.2433",1990,243,1.005,"med_itdrptd",2011-03-31
"1991.2433",1991,243,1.002,"med_itdrptd",2012-03-31
"1992.2433",1992,243,1.005,"med_itdrptd",2013-03-31
"1993.2433",1993,243,1.001,"med_itdrptd",2014-03-31
"1994.2433",1994,243,1.004,"med_itdrptd",2015-03-31
"1995.2433",1995,243,1,"med_itdrptd",2016-03-31
"1996.2433",1996,243,1.001,"med_itdrptd",2017-03-31
"1997.2433",1997,243,0.998,"med_itdrptd",2018-03-31
"1998.2433",1998,243,1,"med_itdrptd",2019-03-31
"1988.2553",1988,255,1.005,"med_itdrptd",2010-03-31
"1989.2553",1989,255,1.005,"med_itdrptd",2011-03-31
"1990.2553",1990,255,1.003,"med_itdrptd",2012-03-31
"1991.2553",1991,255,1.004,"med_itdrptd",2013-03-31
"1992.2553",1992,255,1.003,"med_itdrptd",2014-03-31
"1993.2553",1993,255,1.001,"med_itdrptd",2015-03-31
"1994.2553",1994,255,1.001,"med_itdrptd",2016-03-31
"1995.2553",1995,255,0.997,"med_itdrptd",2017-03-31
"1996.2553",1996,255,0.998,"med_itdrptd",2018-03-31
"1997.2553",1997,255,1,"med_itdrptd",2019-03-31
"1987.2673",1987,267,1.01,"med_itdrptd",2010-03-31
"1988.2673",1988,267,1.005,"med_itdrptd",2011-03-31
"1989.2673",1989,267,1.006,"med_itdrptd",2012-03-31
"1990.2673",1990,267,1.002,"med_itdrptd",2013-03-31
"1991.2673",1991,267,1.001,"med_itdrptd",2014-03-31
"1992.2673",1992,267,1.003,"med_itdrptd",2015-03-31
"1993.2673",1993,267,0.999,"med_itdrptd",2016-03-31
"1994.2673",1994,267,0.996,"med_itdrptd",2017-03-31
"1995.2673",1995,267,0.998,"med_itdrptd",2018-03-31
"1996.2673",1996,267,0.996,"med_itdrptd",2019-03-31
"1986.2793",1986,279,1.006,"med_itdrptd",2010-03-31
"1987.2793",1987,279,0.999,"med_itdrptd",2011-03-31
"1988.2793",1988,279,1.001,"med_itdrptd",2012-03-31
"1989.2793",1989,279,1.007,"med_itdrptd",2013-03-31
"1990.2793",1990,279,1.004,"med_itdrptd",2014-03-31
"1991.2793",1991,279,1.003,"med_itdrptd",2015-03-31
"1992.2793",1992,279,0.999,"med_itdrptd",2016-03-31
"1993.2793",1993,279,0.996,"med_itdrptd",2017-03-31
"1994.2793",1994,279,0.997,"med_itdrptd",2018-03-31
"1995.2793",1995,279,0.999,"med_itdrptd",2019-03-31
"1985.2913",1985,291,1.002,"med_itdrptd",2010-03-31
"1986.2913",1986,291,1.006,"med_itdrptd",2011-03-31
"1987.2913",1987,291,1.006,"med_itdrptd",2012-03-31
"1988.2913",1988,291,1.005,"med_itdrptd",2013-03-31
"1989.2913",1989,291,1,"med_itdrptd",2014-03-31
"1990.2913",1990,291,0.997,"med_itdrptd",2015-03-31
"1991.2913",1991,291,1.001,"med_itdrptd",2016-03-31
"1992.2913",1992,291,1,"med_itdrptd",2017-03-31
"1993.2913",1993,291,1,"med_itdrptd",2018-03-31
"1994.2913",1994,291,0.998,"med_itdrptd",2019-03-31
"1984.3033",1984,303,1.002,"med_itdrptd",2010-03-31
"1985.3033",1985,303,1.004,"med_itdrptd",2011-03-31
"1986.3033",1986,303,1.005,"med_itdrptd",2012-03-31
"1987.3033",1987,303,1.003,"med_itdrptd",2013-03-31
"1988.3033",1988,303,1.002,"med_itdrptd",2014-03-31
"1989.3033",1989,303,1.002,"med_itdrptd",2015-03-31
"1990.3033",1990,303,1.001,"med_itdrptd",2016-03-31
"1991.3033",1991,303,0.999,"med_itdrptd",2017-03-31
"1992.3033",1992,303,1.002,"med_itdrptd",2018-03-31
"1993.3033",1993,303,1,"med_itdrptd",2019-03-31
"1983.3153",1983,315,1.003,"med_itdrptd",2010-03-31
"1984.3153",1984,315,1.004,"med_itdrptd",2011-03-31
"1985.3153",1985,315,1.004,"med_itdrptd",2012-03-31
"1986.3153",1986,315,1.005,"med_itdrptd",2013-03-31
"1987.3153",1987,315,1.005,"med_itdrptd",2014-03-31
"1988.3153",1988,315,1.003,"med_itdrptd",2015-03-31
"1989.3153",1989,315,0.999,"med_itdrptd",2016-03-31
"1990.3153",1990,315,1.001,"med_itdrptd",2017-03-31
"1991.3153",1991,315,0.999,"med_itdrptd",2018-03-31
"1992.3153",1992,315,0.998,"med_itdrptd",2019-03-31
"1983.3273",1983,327,1.003,"med_itdrptd",2011-03-31
"1984.3273",1984,327,1.003,"med_itdrptd",2012-03-31
"1985.3273",1985,327,1.003,"med_itdrptd",2013-03-31
"1986.3273",1986,327,1.004,"med_itdrptd",2014-03-31
"1987.3273",1987,327,1.003,"med_itdrptd",2015-03-31
"1988.3273",1988,327,1.002,"med_itdrptd",2016-03-31
"1989.3273",1989,327,0.999,"med_itdrptd",2017-03-31
"1990.3273",1990,327,0.999,"med_itdrptd",2018-03-31
"1991.3273",1991,327,0.998,"med_itdrptd",2019-03-31
"1983.3393",1983,339,1.005,"med_itdrptd",2012-03-31
"1984.3393",1984,339,1,"med_itdrptd",2013-03-31
"1985.3393",1985,339,1.004,"med_itdrptd",2014-03-31
"1986.3393",1986,339,1.002,"med_itdrptd",2015-03-31
"1987.3393",1987,339,1.001,"med_itdrptd",2016-03-31
"1988.3393",1988,339,1,"med_itdrptd",2017-03-31
"1989.3393",1989,339,1,"med_itdrptd",2018-03-31
"1990.3393",1990,339,0.998,"med_itdrptd",2019-03-31
"1983.3513",1983,351,1.003,"med_itdrptd",2013-03-31
"1984.3513",1984,351,1.004,"med_itdrptd",2014-03-31
"1985.3513",1985,351,1,"med_itdrptd",2015-03-31
"1986.3513",1986,351,1.001,"med_itdrptd",2016-03-31
"1987.3513",1987,351,0.999,"med_itdrptd",2017-03-31
"1988.3513",1988,351,0.998,"med_itdrptd",2018-03-31
"1989.3513",1989,351,0.999,"med_itdrptd",2019-03-31
"1983.3633",1983,363,1.003,"med_itdrptd",2014-03-31
"1984.3633",1984,363,0.999,"med_itdrptd",2015-03-31
"1985.3633",1985,363,0.999,"med_itdrptd",2016-03-31
"1986.3633",1986,363,0.998,"med_itdrptd",2017-03-31
"1987.3633",1987,363,1.001,"med_itdrptd",2018-03-31
"1988.3633",1988,363,1,"med_itdrptd",2019-03-31
"1983.3753",1983,375,1.002,"med_itdrptd",2015-03-31
"1984.3753",1984,375,0.999,"med_itdrptd",2016-03-31
"1985.3753",1985,375,0.999,"med_itdrptd",2017-03-31
"1986.3753",1986,375,1.004,"med_itdrptd",2018-03-31
"1987.3753",1987,375,0.999,"med_itdrptd",2019-03-31
"1983.3873",1983,387,0.997,"med_itdrptd",2016-03-31
"1984.3873",1984,387,1.001,"med_itdrptd",2017-03-31
"1985.3873",1985,387,1,"med_itdrptd",2018-03-31
"1986.3873",1986,387,1.004,"med_itdrptd",2019-03-31
"1983.3993",1983,399,0.999,"med_itdrptd",2017-03-31
"1984.3993",1984,399,1,"med_itdrptd",2018-03-31
"1985.3993",1985,399,1.001,"med_itdrptd",2019-03-31
